﻿"DOI","Author","PubDate","ISO3","YCoord","XCoord","StartDate","EndDate","Species","SampleType","SampleOrigin","Method","Pathogens","Strain","Nsamples","Prev","NIsolates","Compound","ATC.Code","Rescom","Concg","Guidelines","Breakpoint","Remark","Class","WHO_MedImp"
"10.9734/BMRJ/2016/19775","Shilangale",2015,"NAM",-26.56,18.13,"2008-01-15","2009-12-15","Cattle","Meat",NA,"DD","Salmonella",NA,9508,NA,81,"GEN","J01GB03",0,"10","CLSI 2013/02",NA,"Both documents refer to clinical breakpoints, potentially only 2013 should be used","Aminoglycosides","Critically important"
"10.9734/BMRJ/2016/19775","Shilangale",2015,"NAM",-26.56,18.13,"2008-01-15","2009-12-15","Cattle","Meat",NA,"DD","Salmonella",NA,9508,NA,81,"KAN","J01GB04",0,"30","CLSI 2013/02",NA,"no geo info in the paper, coordinate lead to Keetmanshoop; info possibly came from author","Aminoglycosides","Critically important"
"10.9734/BMRJ/2016/19775","Shilangale",2015,"NAM",-26.56,18.13,"2008-01-15","2009-12-15","Cattle","Meat",NA,"DD","Salmonella",NA,9508,NA,81,"STR","J01GA01",0,"10","CLSI 2013/02",NA,"no geo info in the paper, coordinate lead to Keetmanshoop; info possibly came from author","Aminoglycosides","Critically important"
"10.9734/BMRJ/2016/19775","Shilangale",2015,"NAM",-26.56,18.13,"2008-01-15","2009-12-15","Cattle","Meat",NA,"DD","Salmonella",NA,9508,NA,81,"CHL","J01BA01",6,"30","CLSI 2013/02",NA,"no geo info in the paper, coordinate lead to Keetmanshoop; info possibly came from author","Amphenicols","Highly important"
"10.9734/BMRJ/2016/19775","Shilangale",2015,"NAM",-26.56,18.13,"2008-01-15","2009-12-15","Cattle","Meat",NA,"DD","Salmonella",NA,9508,NA,81,"FOX","J01DC01",0,"30","CLSI 2013/02",NA,"no geo info in the paper, coordinate lead to Keetmanshoop; info possibly came from author","Cephamycin","Highly important"
"10.9734/BMRJ/2016/19775","Shilangale",2015,"NAM",-26.56,18.13,"2008-01-15","2009-12-15","Cattle","Meat",NA,"DD","Salmonella",NA,9508,NA,81,"CTX","J01DD01",0,"30","CLSI 2013/02",NA,"no geo info in the paper, coordinate lead to Keetmanshoop; info possibly came from author","3rd Generation Cephalosporin","Critically important"
"10.9734/BMRJ/2016/19775","Shilangale",2015,"NAM",-26.56,18.13,"2008-01-15","2009-12-15","Cattle","Meat",NA,"DD","Salmonella",NA,9508,NA,81,"CFL","J01DB03",7,"30","CLSI 2013/02",NA,"no geo info in the paper, coordinate lead to Keetmanshoop; info possibly came from author","1st Generation Cephalosporin","Highly important"
"10.9734/BMRJ/2016/19775","Shilangale",2015,"NAM",-26.56,18.13,"2008-01-15","2009-12-15","Cattle","Meat",NA,"DD","Salmonella",NA,9508,NA,81,"CST","J01XB01",15,"10","CLSI 2013/02",NA,"no geo info in the paper, coordinate lead to Keetmanshoop; info possibly came from author","Polymyxins","Critically important"
"10.9734/BMRJ/2016/19775","Shilangale",2015,"NAM",-26.56,18.13,"2008-01-15","2009-12-15","Cattle","Meat",NA,"DD","Salmonella",NA,9508,NA,81,"CIP","J01MA02",0,"5","CLSI 2013/02",NA,"no geo info in the paper, coordinate lead to Keetmanshoop; info possibly came from author","Quinolones","Critically important"
"10.9734/BMRJ/2016/19775","Shilangale",2015,"NAM",-26.56,18.13,"2008-01-15","2009-12-15","Cattle","Meat",NA,"DD","Salmonella",NA,9508,NA,81,"NAL","J01MB02",0,"30","CLSI 2013/02",NA,"no geo info in the paper, coordinate lead to Keetmanshoop; info possibly came from author","Quinolones","Critically important"
"10.9734/BMRJ/2016/19775","Shilangale",2015,"NAM",-26.56,18.13,"2008-01-15","2009-12-15","Cattle","Meat",NA,"DD","Salmonella",NA,9508,NA,81,"ENR","QJ01MA90",0,"5","CLSI 2013/02",NA,"no geo info in the paper, coordinate lead to Keetmanshoop; info possibly came from author","Quinolones","Critically important"
"10.9734/BMRJ/2016/19775","Shilangale",2015,"NAM",-26.56,18.13,"2008-01-15","2009-12-15","Cattle","Meat",NA,"DD","Salmonella",NA,9508,NA,81,"SXT","J01EE01",28,"25","CLSI 2013/02",NA,"no geo info in the paper, coordinate lead to Keetmanshoop; info possibly came from author","Sulfonamides, Trimethoprim and Combinations","Highly important"
"10.9734/BMRJ/2016/19775","Shilangale",2015,"NAM",-26.56,18.13,"2008-01-15","2009-12-15","Cattle","Meat",NA,"DD","Salmonella",NA,9508,NA,81,"SOX","J01EB05",3,"275","CLSI 2013/02",NA,"Author used following concentration: 250e-6 - 300e-6","Sulfonamides, Trimethoprim and Combinations","Highly important"
"10.9734/BMRJ/2016/19775","Shilangale",2015,"NAM",-26.56,18.13,"2008-01-15","2009-12-15","Cattle","Meat",NA,"DD","Salmonella",NA,9508,NA,81,"TET","J01AA07",15,"30","CLSI 2013/02",NA,"no geo info in the paper, coordinate lead to Keetmanshoop; info possibly came from author","Tetracyclines","Highly important"
"10.9734/BMRJ/2016/19775","Shilangale",2015,"NAM",-26.56,18.13,"2008-01-15","2009-12-15","Cattle","Meat",NA,"DD","Salmonella",NA,9508,NA,81,"AMC","J01CR02",7,"30","CLSI 2013/02",NA,"81 isolates. Coordinates are assumption (South of Namibia).","Aminopenicillins with Beta-Lactamase Inhibitors","Critically important"
"10.9734/BMRJ/2016/19775","Shilangale",2015,"NAM",-26.56,18.13,"2008-01-15","2009-12-15","Cattle","Meat",NA,"DD","Salmonella",NA,9508,NA,81,"AMP","J01CA01",0,"10","CLSI 2013/02",NA,"no geo info in the paper, coordinate lead to Keetmanshoop; info possibly came from author","Aminopenicillins","Critically important"
